state,financial_year,udise_formula_academic_year,udise_report_year,udise_formula_school_count,formula_small10_lakh,formula_small25_lakh,official_pab_entry_confirmed,official_pab_listing_url,source_status,administrative_stage,csg_amount_lakh,school_count,exact_comparable_to_formula,value_precision,source_tier,source_url,official_node_url,notes,pct_gap_vs_formula_small10,pct_gap_vs_formula_small25
ANDAMAN & NICOBAR ISLANDS,2024-25,2022-23,2025-26,333,101.35,124.0,True,https://dsel.education.gov.in/pab-minutes?field_financial_year_target_id=335&field_states_target_id=All,unresolved,unresolved,,,False,unresolved,unresolved,,,PAB 2024-25 State/UT entry confirmed in DoSE&L listing; CSG total not yet independently transcribed.,,
ANDHRA PRADESH,2024-25,2022-23,2025-26,44970,12219.65,15075.5,True,https://dsel.education.gov.in/pab-minutes?field_financial_year_target_id=335&field_states_target_id=All,scoped_partial,state_release_order_total_budget,10380.55,40728.0,False,exact_scoped,state_order_mirror,https://www.apteachers.in/2024/10/ap-school-composite-grants-2024-25.html,https://dsel.education.gov.in/hi/node/2937,"State order says 50% release Rs 5,190.275 lakh from overall budget Rs 10,380.55 lakh for 40,728 schools, based on PAB 2024-25; excludes specified school categories including PM SHRI/KGBV/junior-college/other society scopes. Not full-state comparable.",-15.050349232588497,-31.142913999535676
ARUNACHAL PRADESH,2024-25,2022-23,2025-26,2691,603.9,826.5,True,https://dsel.education.gov.in/pab-minutes?field_financial_year_target_id=335&field_states_target_id=All,unresolved,unresolved,,,False,unresolved,unresolved,,,PAB 2024-25 State/UT entry confirmed in DoSE&L listing; CSG total not yet independently transcribed.,,
ASSAM,2024-25,2022-23,2025-26,44804,14054.0,15749.0,True,https://dsel.education.gov.in/pab-minutes?field_financial_year_target_id=335&field_states_target_id=All,unresolved,unresolved,,,False,unresolved,unresolved,,,PAB 2024-25 State/UT entry confirmed in DoSE&L listing; CSG total not yet independently transcribed.,,
BIHAR,2024-25,2022-23,2025-26,75437,39998.55,40155.75,True,https://dsel.education.gov.in/pab-minutes?field_financial_year_target_id=335&field_states_target_id=All,unresolved,unresolved,,,False,unresolved,unresolved,,,PAB 2024-25 State/UT entry confirmed in DoSE&L listing; CSG total not yet independently transcribed.,,
CHANDIGARH,2024-25,2022-23,2025-26,112,100.5,100.5,True,https://dsel.education.gov.in/pab-minutes?field_financial_year_target_id=335&field_states_target_id=All,unresolved,unresolved,,,False,unresolved,unresolved,,,PAB 2024-25 State/UT entry confirmed in DoSE&L listing; CSG total not yet independently transcribed.,,
CHHATTISGARH,2024-25,2022-23,2025-26,48644,13690.1,15498.5,True,https://dsel.education.gov.in/pab-minutes?field_financial_year_target_id=335&field_states_target_id=All,unresolved,unresolved,,,False,unresolved,unresolved,,,PAB 2024-25 State/UT entry confirmed in DoSE&L listing; CSG total not yet independently transcribed.,,
DADRA & NAGAR HAVELI & DAMAN & DIU,2024-25,2022-23,2025-26,382,154.65,162.75,True,https://dsel.education.gov.in/pab-minutes?field_financial_year_target_id=335&field_states_target_id=All,unresolved,unresolved,,,False,unresolved,unresolved,,,PAB 2024-25 State/UT entry confirmed in DoSE&L listing; CSG total not yet independently transcribed.,,
DELHI,2024-25,2022-23,2025-26,2625,2046.85,2048.5,True,https://dsel.education.gov.in/pab-minutes?field_financial_year_target_id=335&field_states_target_id=All,unresolved,unresolved,,,False,unresolved,unresolved,,,PAB 2024-25 State/UT entry confirmed in DoSE&L listing; CSG total not yet independently transcribed.,,
GOA,2024-25,2022-23,2025-26,797,150.35,224.0,True,https://dsel.education.gov.in/pab-minutes?field_financial_year_target_id=335&field_states_target_id=All,unresolved,unresolved,,,False,unresolved,unresolved,,,PAB 2024-25 State/UT entry confirmed in DoSE&L listing; CSG total not yet independently transcribed.,,
GUJARAT,2024-25,2022-23,2025-26,34550,14523.9,15162.75,True,https://dsel.education.gov.in/pab-minutes?field_financial_year_target_id=335&field_states_target_id=All,unresolved,unresolved,,,False,unresolved,unresolved,,,PAB 2024-25 State/UT entry confirmed in DoSE&L listing; CSG total not yet independently transcribed.,,
HARYANA,2024-25,2022-23,2025-26,14355,5882.6,6119.75,True,https://dsel.education.gov.in/pab-minutes?field_financial_year_target_id=335&field_states_target_id=All,exact_full,PAB_recommended,5778.35,14219.0,True,exact,PAB_document_mirror,https://www.scribd.com/document/814333773/Haryana-PAB-2024-25,https://dsel.education.gov.in/hi/node/2919,"PAB costing sheet: elementary 10,951 schools / Rs 3,774.80 lakh plus secondary 3,268 / Rs 2,003.55 lakh. DoSEL recommended as proposed.",-1.7721755686261176,-5.578659258956651
HIMACHAL PRADESH,2024-25,2022-23,2025-26,15399,3116.45,4480.25,True,https://dsel.education.gov.in/pab-minutes?field_financial_year_target_id=335&field_states_target_id=All,unresolved,unresolved,,,False,unresolved,unresolved,,,PAB 2024-25 State/UT entry confirmed in DoSE&L listing; CSG total not yet independently transcribed.,,
JAMMU & KASHMIR,2024-25,2022-23,2025-26,18690,4445.7,5640.0,True,https://dsel.education.gov.in/pab-minutes?field_financial_year_target_id=335&field_states_target_id=All,unresolved,unresolved,,,False,unresolved,unresolved,,,PAB 2024-25 State/UT entry confirmed in DoSE&L listing; CSG total not yet independently transcribed.,,
JHARKHAND,2024-25,2022-23,2025-26,35566,12732.9,13543.5,True,https://dsel.education.gov.in/pab-minutes?field_financial_year_target_id=335&field_states_target_id=All,unresolved,unresolved,,,False,unresolved,unresolved,,,PAB 2024-25 State/UT entry confirmed in DoSE&L listing; CSG total not yet independently transcribed.,,
KARNATAKA,2024-25,2022-23,2025-26,49125,15209.5,17701.75,True,https://dsel.education.gov.in/pab-minutes?field_financial_year_target_id=335&field_states_target_id=All,scoped_partial,state_primary_school_approval,11459.0,42136.0,False,exact_scoped,state_order_mirror,https://www.scribd.com/document/789250032/2024-25-SchoolGrants-PrimSchool-030924-020924-Spd-StateGrants-GHPS-GLPS,,"State Project Director document SSK/AR/CSG/1/2024-25 reports Rs 11,459.00 lakh approved for 42,136 government primary schools. Elementary/primary scope only; not full-state comparable.",-24.658930273842007,-35.26628723148841
KERALA,2024-25,2022-23,2025-26,4740,2269.05,2349.0,True,https://dsel.education.gov.in/pab-minutes?field_financial_year_target_id=335&field_states_target_id=All,unresolved,unresolved,,,False,unresolved,unresolved,,,PAB 2024-25 State/UT entry confirmed in DoSE&L listing; CSG total not yet independently transcribed.,,
LADAKH,2024-25,2022-23,2025-26,795,120.7,210.25,True,https://dsel.education.gov.in/pab-minutes?field_financial_year_target_id=335&field_states_target_id=All,unresolved,unresolved,,,False,unresolved,unresolved,,,PAB 2024-25 State/UT entry confirmed in DoSE&L listing; CSG total not yet independently transcribed.,,
LAKSHADWEEP,2024-25,2022-23,2025-26,35,21.5,21.5,True,https://dsel.education.gov.in/pab-minutes?field_financial_year_target_id=335&field_states_target_id=All,unresolved,unresolved,,,False,unresolved,unresolved,,,PAB 2024-25 State/UT entry confirmed in DoSE&L listing; CSG total not yet independently transcribed.,,
MADHYA PRADESH,2024-25,2022-23,2025-26,92075,27373.8,30959.25,True,https://dsel.education.gov.in/pab-minutes?field_financial_year_target_id=335&field_states_target_id=All,unresolved,unresolved,,,False,unresolved,unresolved,,,PAB 2024-25 State/UT entry confirmed in DoSE&L listing; CSG total not yet independently transcribed.,,
MAHARASHTRA,2024-25,2022-23,2025-26,65295,17611.9,21480.25,True,https://dsel.education.gov.in/pab-minutes?field_financial_year_target_id=335&field_states_target_id=All,exact_full,state_order_reporting_PAB_approval,17338.65,64781.0,True,exact,state_order_mirror,https://www.shaleyshikshan.in/2025/03/composite-school-grant.html,,"State implementation material reports PAB-approved elementary 63,010 schools / Rs 16,307.25 lakh and secondary 1,771 / Rs 1,031.40 lakh.",-1.551507787348327,-19.280967400286304
MANIPUR,2024-25,2022-23,2025-26,2832,638.7,831.0,True,https://dsel.education.gov.in/pab-minutes?field_financial_year_target_id=335&field_states_target_id=All,unresolved,unresolved,,,False,unresolved,unresolved,,,PAB 2024-25 State/UT entry confirmed in DoSE&L listing; CSG total not yet independently transcribed.,,
MEGHALAYA,2024-25,2022-23,2025-26,7727,1529.7,2087.25,True,https://dsel.education.gov.in/pab-minutes?field_financial_year_target_id=335&field_states_target_id=All,exact_full,PAB_recommended,1749.3,7719.0,True,exact,PAB_document_mirror,https://www.scribd.com/document/869806953/Megalya-PAB-2024-25,,"PAB costing sheet: elementary 7,604 / Rs 1,686.50 lakh plus secondary 115 / Rs 62.80 lakh.",14.355756030594227,-16.19116061803809
MIZORAM,2024-25,2022-23,2025-26,2538,527.2,681.25,True,https://dsel.education.gov.in/pab-minutes?field_financial_year_target_id=335&field_states_target_id=All,unresolved,unresolved,,,False,unresolved,unresolved,,,PAB 2024-25 State/UT entry confirmed in DoSE&L listing; CSG total not yet independently transcribed.,,
NAGALAND,2024-25,2022-23,2025-26,1888,423.2,571.25,True,https://dsel.education.gov.in/pab-minutes?field_financial_year_target_id=335&field_states_target_id=All,unresolved,unresolved,,,False,unresolved,unresolved,,,PAB 2024-25 State/UT entry confirmed in DoSE&L listing; CSG total not yet independently transcribed.,,
ODISHA,2024-25,2022-23,2025-26,48647,16020.15,17453.25,True,https://dsel.education.gov.in/pab-minutes?field_financial_year_target_id=335&field_states_target_id=All,unresolved,unresolved,,,False,unresolved,unresolved,,,PAB 2024-25 State/UT entry confirmed in DoSE&L listing; CSG total not yet independently transcribed.,,
PUDUCHERRY,2024-25,2022-23,2025-26,414,179.6,185.75,True,https://dsel.education.gov.in/pab-minutes?field_financial_year_target_id=335&field_states_target_id=All,unresolved,unresolved,,,False,unresolved,unresolved,,,PAB 2024-25 State/UT entry confirmed in DoSE&L listing; CSG total not yet independently transcribed.,,
PUNJAB,2024-25,2022-23,2025-26,19159,6516.35,7097.0,True,https://dsel.education.gov.in/pab-minutes?field_financial_year_target_id=335&field_states_target_id=All,unresolved,unresolved,,,False,unresolved,unresolved,,,PAB 2024-25 State/UT entry confirmed in DoSE&L listing; CSG total not yet independently transcribed.,,
RAJASTHAN,2024-25,2022-23,2025-26,69206,24701.8,27181.0,True,https://dsel.education.gov.in/pab-minutes?field_financial_year_target_id=335&field_states_target_id=All,exact_implementation,state_implementation_budget,24697.85,69190.0,True,exact,state_guideline_mirror,https://fr.scribd.com/document/900026056/CSG-Guideline-2024-25-1,https://dsel.education.gov.in/node/2952,"2024-25 Rajasthan CSG guideline. Elementary 51,772 / Rs 13,366.10 lakh plus secondary 17,418 / Rs 11,331.75 lakh. Explicitly based on DISE 2022-23.",-0.015990737517106963,-9.135609433059862
SIKKIM,2024-25,2022-23,2025-26,854,202.4,275.75,True,https://dsel.education.gov.in/pab-minutes?field_financial_year_target_id=335&field_states_target_id=All,unresolved,unresolved,,,False,unresolved,unresolved,,,PAB 2024-25 State/UT entry confirmed in DoSE&L listing; CSG total not yet independently transcribed.,,
TAMIL NADU,2024-25,2022-23,2025-26,37545,12238.15,13873.75,True,https://dsel.education.gov.in/pab-minutes?field_financial_year_target_id=335&field_states_target_id=All,approx_full,press_reported_PAB_approval,12000.0,37471.0,True,approximate,reputable_press,https://www.newindianexpress.com/states/tamil-nadu/2025/Feb/21/tn-released-funds-for-government-school-maintenance,,"New Indian Express reports PAB approved around Rs 120 crore for 37,471 schools. Approximate amount; do not use as exact arithmetic validation.",-1.9459640550246535,-13.5057212361474
TELANGANA,2024-25,2022-23,2025-26,28462,8699.8,10057.0,True,https://dsel.education.gov.in/pab-minutes?field_financial_year_target_id=335&field_states_target_id=All,unresolved,unresolved,,,False,unresolved,unresolved,,,PAB 2024-25 State/UT entry confirmed in DoSE&L listing; CSG total not yet independently transcribed.,,
TRIPURA,2024-25,2022-23,2025-26,4218,1283.0,1511.75,True,https://dsel.education.gov.in/pab-minutes?field_financial_year_target_id=335&field_states_target_id=All,unresolved,unresolved,,,False,unresolved,unresolved,,,PAB 2024-25 State/UT entry confirmed in DoSE&L listing; CSG total not yet independently transcribed.,,
UTTAR PRADESH,2024-25,2022-23,2025-26,136689,54686.05,55651.75,True,https://dsel.education.gov.in/pab-minutes?field_financial_year_target_id=335&field_states_target_id=All,unresolved,unresolved,,,False,unresolved,unresolved,,,PAB 2024-25 State/UT entry confirmed in DoSE&L listing; CSG total not yet independently transcribed.,,
UTTARAKHAND,2024-25,2022-23,2025-26,16301,3366.7,4857.25,True,https://dsel.education.gov.in/pab-minutes?field_financial_year_target_id=335&field_states_target_id=All,unresolved,unresolved,,,False,unresolved,unresolved,,,PAB 2024-25 State/UT entry confirmed in DoSE&L listing; CSG total not yet independently transcribed.,,
WEST BENGAL,2024-25,2022-23,2025-26,81374,28507.2,31050.0,True,https://dsel.education.gov.in/pab-minutes?field_financial_year_target_id=335&field_states_target_id=All,reported_full_approval,press_reported_Centre_approval,30550.0,,True,exact_reported,reputable_press,https://www.hindustantimes.com/cities/kolkata-news/school-children-suffer-in-west-bengal-as-centre-state-government-tussle-over-funds-101742208883581.html,,State education minister quoted saying Centre approved Rs 305.50 crore CSG for FY2024-25. Secondary-source approval value; retain source-tier caveat.,7.165908963349607,-1.610305958132045
